Date,Open,High,Low,Close,Volume
1984-09-30,0.11820825006324,0.12928559884402,0.10964662219887,0.11178699936631,2146054393.7471
1984-10-31,0.11144800996584,0.12178706748556,0.10033680992284,0.11072271091456,3563056199.1304
1984-11-30,0.11144800996584,0.11820825006324,0.09749509181575,0.10999788864162,3370057644.2838
1984-12-31,0.10999788864162,0.13036192594889,0.1085589716084,0.1296455664915,3455020880.4763
1985-01-31,0.1296455664915,0.13856966508963,0.12427823431741,0.12928559884402,6366416093.2203
1985-02-28,0.12928559884402,0.13680320133614,0.10999788864162,0.10999788864162,4733388589.6507
1985-03-31,0.10999788864162,0.11570516377286,0.09213836795975,0.098571061336858,4615587176.3582
1985-04-30,0.098571061336858,0.10251246868753,0.087144472421269,0.09464145425013,2868028848.5011
1985-05-31,0.09464145425013,0.098933532070622,0.075003907939996,0.077483751286252,4639129412.7271
1985-06-30,0.075717764311095,0.082501247352613,0.065717934581024,0.080360870185167,5811388812.7631
1985-07-31,0.080711659849576,0.08108569245811,0.070700149050149,0.070700149050149,2600595112.8874
1985-08-31,0.070700149050149,0.071799719099138,0.064291056200921,0.066782223032777,1818745620.3147
1985-09-30,0.066782223032777,0.076793495443033,0.065717934581024,0.070361278844265,1804095979.1733
1985-10-31,0.070361278844265,0.085693874318701,0.066782223032777,0.082863598891792,3785913390.528
1985-11-30,0.082863598891792,0.09213836795975,0.082863598891792,0.089635639253125,2884671975.3322
1985-12-31,0.089635639253125,0.10178716963624,0.085693874318701,0.097846000674744,3571209497.3521
1986-01-31,0.097846000674744,0.10999788864162,0.096793274097761,0.10287505861588,6291801583.8374
1986-02-28,0.10287505861588,0.11894701810266,0.10178716963624,0.11144800996584,3420860555.2296
1986-03-31,0.11144800996584,0.13177795762173,0.10784571121023,0.12571691296145,4264332650.7437
1986-04-30,0.12571691296145,0.14565816707482,0.11678101409938,0.13467676993516,4462685018.4219
1986-05-31,0.13467676993516,0.16679136704075,0.13250027680839,0.16463752088517,4954051137.7309
1986-06-30,0.16463752088517,0.17428989839922,0.14458183996996,0.15960035771224,4063360051.6235
1986-07-31,0.15960035771224,0.16822885373894,0.13356468445472,0.13924788227974,5691638365.4645
1986-08-31,0.13856966508963,0.16918837015025,0.13605585128658,0.16463752088517,3643516794.5458
1986-09-30,0.16536341590938,0.16536341590938,0.14073543070374,0.14899084767859,3578198554.7678
1986-10-31,0.14864041559793,0.1567444554495,0.14355199875334,0.15431288591028,2984038540.3028
1986-11-30,0.15462755961535,0.18358707604921,0.15070963359798,0.17821855192927,5206163224.3278
1986-12-31,0.17821855192927,0.19540045139395,0.17428989839922,0.18038312559752,4762575947.3862
1987-01-31,0.18003030962516,0.25460320994487,0.17859282292697,0.24715354836636,8268915254.6757
1987-02-28,0.24715354836636,0.31750219258458,0.22963552017125,0.31144472376186,6616176065.4204
1987-03-31,0.312858371543,0.31397045702344,0.27717389660899,0.28710399750669,5959318428.543
1987-04-30,0.28068536909064,0.3560962073447,0.27786522520348,0.35290417635154,6813161643.6623
1987-05-31,0.35388633973405,0.36609782499355,0.32318658235545,0.3521437148976,3838956731.2671
1987-06-30,0.35461223475826,0.38568864702626,0.33896317765997,0.36097722561094,3497535879.7031
1987-07-31,0.36357328367782,0.39925299082842,0.32571231561703,0.36788693571825,3070255816.6825
1987-08-31,0.36551138763409,0.48432097437994,0.35643710385853,0.48215282487413,3119300765.2213
1987-09-30,0.48893738066692,0.52465403813895,0.43290400613796,0.50437665529516,3075486284.9849
1987-10-31,0.50673790002908,0.53356860117026,0.24672921564284,0.34477748952877,6575699110.9545
1987-11-30,0.3460028098652,0.35726789011777,0.27212004619413,0.29468477312898,4234238452.3177
1987-12-31,0.29924634990674,0.39074011354942,0.2656430124313,0.37499808467463,4702263912.3676
1988-01-31,0.38173377068746,0.41281018295547,0.341372100228,0.37071780711808,6221599928.4349
1988-02-29,0.37280252041421,0.39074011354942,0.3371383085597,0.38398178056539,3368467069.514
1988-03-31,0.38603907910692,0.4263399603279,0.3460028098652,0.35726789011777,4882102355.1451
1988-04-30,0.35499842521449,0.3785894175284,0.34365229264395,0.36609782499355,3297929676.545
1988-05-31,0.3639332513253,0.38507002712878,0.33391051919096,0.37071780711808,2638507247.8245
1988-06-30,0.37071780711808,0.41749929793945,0.36814320407655,0.41281018295547,3534731118.8196
1988-07-31,0.41504269753732,0.42429577319076,0.37717576974726,0.39645906975002,2186419083.0462
1988-08-31,0.39718496477423,0.40859903825836,0.35033195720171,0.3560962073447,2653313603.2995
1988-09-30,0.35499842521449,0.39492741932947,0.3371383085597,0.38603907910692,3060321691.7601
1988-10-31,0.38398178056539,0.38603907910692,0.33501068521287,0.34477748952877,3563649524.7404
1988-11-30,0.34365229264395,0.35499842521449,0.31710408266983,0.33568771045713,2939865433.8761
1988-12-31,0.3371383085597,0.37499808467463,0.33501068521287,0.35931565309247,2946070619.2745
1989-01-31,0.35931565309247,0.39285581743772,0.32353820638196,0.3371383085597,7345833443.0021
1989-02-28,0.3371383085597,0.35931565309247,0.31467132118475,0.32353820638196,4886268830.484
1989-03-31,0.32353820638196,0.32571231561703,0.29924634990674,0.31788599914911,3859676826.0154
1989-04-30,0.31710408266983,0.37146515716764,0.30249440235497,0.34813520099544,3966423699.396
1989-05-31,0.34365229264395,0.43748703794106,0.34365229264395,0.4263399603279,5253382279.5215
1989-06-30,0.4263399603279,0.44850538540215,0.35290417635154,0.36814320407655,3941279783.7261
1989-07-31,0.37280252041421,0.37499808467463,0.3371383085597,0.35499842521449,3688630400.0711
1989-08-31,0.35499842521449,0.40859903825836,0.35033195720171,0.39718496477423,3352305675.9754
1989-09-30,0.39718496477423,0.41749929793945,0.38398178056539,0.39718496477423,2020849369.8115
1989-10-31,0.39718496477423,0.45001319690564,0.37925213942243,0.41504269753732,4125049741.5049
1989-11-30,0.41281018295547,0.42178315133356,0.37925213942243,0.39492741932947,2524939179.5192
1989-12-31,0.39718496477423,0.40859903825836,0.2900409520874,0.31467132118475,5941185668.608
1990-01-31,0.31467132118475,0.3460028098652,0.28673091845483,0.30360767978126,3747497529.6887
1990-02-28,0.30781524864081,0.31467132118475,0.28790140928205,0.30360767978126,2483891144.5813
1990-03-31,0.29924634990674,0.38754569866456,0.29678855755876,0.35931565309247,4556473697.4627
1990-04-30,0.35726789011777,0.39492741932947,0.34031961204018,0.35181831367985,3642475166.6922
1990-05-31,0.35499842521449,0.38173377068746,0.3460028098652,0.36814320407655,4115630305.2311
1990-06-30,0.36961764109617,0.40063445607154,0.33501068521287,0.39958196788373,3952054375.5185
1990-07-31,0.39718496477423,0.4263399603279,0.35726789011777,0.37499808467463,4163812847.9838
1990-08-31,0.37499808467463,0.39074011354942,0.29924634990674,0.33030726687866,3128339004.6487
1990-09-30,0.32571231561703,0.33501068521287,0.24330475520843,0.25893116533552,2206948686.7588
1990-10-31,0.26360716891513,0.28564267189145,0.21637035477808,0.27467200226446,5056116657.5181
1990-11-30,0.27212004619413,0.34365229264395,0.2656430124313,0.32819156299036,3254607930.9397
1990-12-31,0.33246111303424,0.40398144002554,0.33030726687866,0.38398178056539,4094092903.2217
1991-01-31,0.38173377068746,0.49997718315335,0.37499808467463,0.49569571365095,7037307217.411
1991-02-28,0.49569571365095,0.55568515646455,0.48893738066692,0.51107658293241,5545780679.3739
1991-03-31,0.50891439315586,0.62712204724617,0.50891439315586,0.60700438514663,5210598508.0184
1991-04-30,0.60700438514663,0.65402068930095,0.48637588902976,0.49114605633172,7243051263.9823
1991-05-31,0.42859988966436,0.47996560423468,0.39285581743772,0.41963049712383,7972843083.0738
1991-06-30,0.41963049712383,0.44210582811974,0.35931565309247,0.37071780711808,4091662205.5573
1991-07-31,0.37717576974726,0.43070367409413,0.37280252041421,0.41281018295547,3783494354.4671
1991-08-31,0.41071593409252,0.49569571365095,0.40859903825836,0.47322157460088,4172649544.699
1991-09-30,0.47107964790383,0.47790711374731,0.41504269753732,0.44210582811974,2393070347.0029
1991-10-31,0.43974577533167,0.50212864541722,0.41504269753732,0.46005772460518,3593990361.0479
1991-11-30,0.45739491757056,0.49315925287669,0.42429577319076,0.45329939162116,3696033483.0056
1991-12-31,0.45329939162116,0.51787186623787,0.43290400613796,0.50361738578708,2607169554.1535
1992-01-31,0.49793180407035,0.61600953606273,0.49569571365095,0.57825465118282,4703159961.4605
1992-02-29,0.57825465118282,0.6250158789247,0.55143706144602,0.60255961906242,2534996960.2264
1992-03-31,0.60478498196915,0.61133234053728,0.51572040397399,0.52003643990612,2985662364.9051
1992-04-30,0.51107658293241,0.54679443235029,0.47322157460088,0.5368667153443,3931390323.5843
1992-05-31,0.53574390235119,0.56461879062951,0.52003643990612,0.53356860117026,2703724736.3814
1992-06-30,0.51107658293241,0.53145289728196,0.38173377068746,0.42859988966436,4851682975.8402
1992-07-31,0.42859988966436,0.44210582811974,0.38852786204707,0.41749929793945,3632809629.474
1992-08-31,0.41749929793945,0.42178315133356,0.37071780711808,0.41071593409252,2746531255.5621
1992-09-30,0.41281018295547,0.44641232848505,0.39074011354942,0.40293848740455,3055662421.3847
1992-10-31,0.39958196788373,0.48215282487413,0.37071780711808,0.46853961129202,3531427160.0101
1992-11-30,0.46853961129202,0.53145289728196,0.46005772460518,0.51357847727694,3126547216.0407
1992-12-31,0.51107658293241,0.54679443235029,0.48637588902976,0.53356860117026,3334318582.8923
1993-01-31,0.53145289728196,0.58244195696287,0.51107658293241,0.53145289728196,5542263940.7645
1993-02-28,0.5289116687243,0.54932135755772,0.46005772460518,0.47322157460088,4651281489.0726
1993-03-31,0.47322157460088,0.51572040397399,0.44850538540215,0.46005772460518,3661526371.8717
1993-04-30,0.45739491757056,0.46853961129202,0.41749929793945,0.45739491757056,3914411208.3364
1993-05-31,0.45739491757056,0.52782580605262,0.45534715459586,0.50536954619034,3200545581.6631
1993-06-30,0.50437665529516,0.52003643990612,0.34365229264395,0.35290417635154,7674396718.052
1993-07-31,0.34813520099544,0.35499842521449,0.22791315841429,0.24785441252766,7142911982.7025
1993-08-31,0.25206555722476,0.27467200226446,0.23107181492358,0.2364760974191,3683164784.342
1993-09-30,0.2364760974191,0.24106151311391,0.20535319926285,0.20859290809011,3668022468.9749
1993-10-31,0.20323511148284,0.28790140928205,0.19647797044467,0.27467200226446,5905323056.3021
1993-11-30,0.27467200226446,0.3125091314082,0.2656430124313,0.28144344665287,3452108975.55
1993-12-31,0.28564267189145,0.2900409520874,0.2364760974191,0.26105878868235,3956971315.3169
1994-01-31,0.26360716891513,0.31467132118475,0.25681426950137,0.29242484379252,7332035192.0458
1994-02-28,0.29468477312898,0.341372100228,0.28790140928205,0.32571231561703,4284459325.0791
1994-03-31,0.32819156299036,0.34365229264395,0.28144344665287,0.29678855755876,5257985625.3766
1994-04-30,0.28790140928205,0.30566617026864,0.24106151311391,0.26784096058343,4042135900.4209
1994-05-31,0.26784096058343,0.30141926719596,0.25422655505546,0.26105878868235,3361657699.7909
1994-06-30,0.25422655505546,0.25572602293798,0.21998195071134,0.2364760974191,4671788610.2203
1994-07-31,0.23532706161723,0.30360767978126,0.22638150799375,0.30073985806,4848065519.5684
1994-08-31,0.29998297244362,0.33391051919096,0.28673091845483,0.32282184692457,4574897598.9787
1994-09-30,0.31597054216404,0.33246111303424,0.29822485231109,0.30073985806,3232644775.5298
1994-10-31,0.29998297244362,0.39074011354942,0.2900409520874,0.38545383369331,7713484799.8637
1994-11-30,0.38283393670938,0.38821676417955,0.3250674729108,0.33246111303424,4048945762.6161
1994-12-31,0.33030726687866,0.3560962073447,0.31034336579409,0.34813520099544,3787795116.1074
1995-01-31,0.34703265108182,0.42930075382567,0.33823728263576,0.36068043109365,8162100789.2985
1995-02-28,0.3639332513253,0.39718496477423,0.33931480168647,0.35290417635154,5299347081.4311
1995-03-31,0.35499842521449,0.3639332513253,0.30249440235497,0.31467132118475,6997143914.7769
1995-04-30,0.31710408266983,0.35352398819487,0.29998297244362,0.341372100228,5674300806.0816
1995-05-31,0.341372100228,0.39645906975002,0.33501068521287,0.37110399757431,6384671938.4445
1995-06-30,0.37394202064926,0.44746481667286,0.37071780711808,0.41465769902694,5521947109.3011
1995-07-31,0.41504269753732,0.44539321478111,0.38398178056539,0.40175965295636,5699579064.2636
1995-08-31,0.40063445607154,0.41281018295547,0.37394202064926,0.38398178056539,5292918319.6014
1995-09-30,0.38398178056539,0.40643446459011,0.31034336579409,0.33246111303424,7311483062.9811
1995-10-31,0.3371383085597,0.35322123394832,0.29998297244362,0.32430939534857,6498508753.8572
1995-11-30,0.32678625883019,0.37925213942243,0.31710408266983,0.34031961204018,4864294329.7601
1995-12-31,0.33931480168647,0.3581916481535,0.28259009856303,0.28468315548013,6560243208.3559
1996-01-31,0.28790140928205,0.31710408266983,0.23956085328553,0.24672921564284,10300214331.555
1996-02-29,0.24563262545849,0.27003890873555,0.24330475520843,0.24563262545849,4652099277.8991
1996-03-31,0.24672921564284,0.24672921564284,0.20535319926285,0.21929419795442,3346750498.292
1996-04-30,0.22433374501905,0.2364760974191,0.21213537116393,0.21746813690829,2867076894.1841
1996-05-31,0.21746813690829,0.25790013217306,0.21001728338392,0.23321374162064,3603902234.1205
1996-06-30,0.23107181492358,0.23213741451578,0.17530662821146,0.18754076044216,4673938980.5534
1996-07-31,0.18859086473826,0.20323511148284,0.14289762048029,0.19647797044467,4803489561.7883
1996-08-31,0.19647797044467,0.22316444613769,0.18536307536952,0.21637035477808,3187374527.8218
1996-09-30,0.21538580750386,0.21998195071134,0.18073474962403,0.19783082898733,3213548813.2836
1996-10-31,0.19647797044467,0.24785441252766,0.19647797044467,0.20535319926285,5816977632.9143
1996-11-30,0.20859290809011,0.23532706161723,0.20642595053015,0.21538580750386,2581364746.0459
1996-12-31,0.21538580750386,0.22791315841429,0.18536307536952,0.18646443333729,4147483025.6532
1997-01-31,0.18859086473826,0.19849831866476,0.14718981749536,0.14864041559793,9072739055.0105
1997-02-28,0.15070963359798,0.15960035771224,0.13497833223586,0.14493227205061,4574169560.0345
1997-03-31,0.14718981749536,0.17290962510195,0.14179864640422,0.16284960210633,4502243298.6061
1997-04-30,0.15752756387464,0.17747120187971,0.14963330649312,0.15171563589754,3809724717.1407
1997-05-31,0.15070963359798,0.16075773713508,0.14606700450225,0.14864041559793,2292707226.696
1997-06-30,0.15171563589754,0.15280269051508,0.1249922098831,0.1271329446343,2572304138.9917
1997-07-31,0.12427823431741,0.16179711391851,0.11392773411752,0.15645362066148,6782372816.3669
1997-08-31,0.15752756387464,0.26395879294163,0.1567444554495,0.19431220483056,17675705561.38
1997-09-30,0.19647797044467,0.20745579174677,0.18754076044216,0.1936077648317,3606075233.8372
1997-10-31,0.1936077648317,0.22115363348441,0.14179864640422,0.15210301829963,6430043206.681
1997-11-30,0.1567444554495,0.19208803386968,0.15070963359798,0.15854786952443,5547483209.7327
1997-12-31,0.15783389395875,0.16036916278715,0.11392773411752,0.11714360402773,5097792006.187
1998-01-31,0.121411604542,0.17859282292697,0.12071193232654,0.16360887161441,10211577449.458
1998-02-28,0.16499272074923,0.21325937610289,0.15501375007158,0.21114248026874,7354166460.7971
1998-03-31,0.21033672487241,0.25006308819246,0.19320131129597,0.24563262545849,10625977519.677
1998-04-30,0.24499016664395,0.26463820207759,0.22039436397633,0.24434413199187,8081886485.2725
1998-05-31,0.24563262545849,0.28259009856303,0.22902286000303,0.23781822844909,6803339112.7354
1998-06-30,0.2364760974191,0.25893116533552,0.22902286000303,0.25609910198984,3909841495.7204
1998-07-31,0.25790013217306,0.34031961204018,0.25422655505546,0.30896309249683,10927660777.543
1998-08-31,0.30566617026864,0.39074011354942,0.2768043933947,0.27821684922998,13220872059.854
1998-09-30,0.27998212103763,0.35863505201066,0.27351581478748,0.34031961204018,8080318489.5485
1998-10-31,0.32819156299036,0.36890247358463,0.25422655505546,0.33143007987177,12930926064.189
1998-11-30,0.33501068521287,0.35181831367985,0.28353888746167,0.28534110959075,10123523274.199
1998-12-31,0.28564267189145,0.37071780711808,0.28259009856303,0.36551138763409,12924105762.761
1999-01-31,0.37611017015507,0.42248401549486,0.33105700081992,0.36747809829082,15127403187.182
1999-02-28,0.37215410187042,0.37429722051333,0.30781524864081,0.31104542190125,8116516922.4784
1999-03-31,0.31104542190125,0.33143007987177,0.28564267189145,0.32072998195332,9951995165.3003
1999-04-30,0.32207568882087,0.42070682422869,0.29924634990674,0.41071593409252,15888969595.63
1999-05-31,0.41133574593585,0.44641232848505,0.36551138763409,0.39351377154834,8908905448.3243
1999-06-30,0.40175965295636,0.43748703794106,0.37566199851451,0.41356945246355,6918620822.6425
1999-07-31,0.41356945246355,0.50536954619034,0.40331514229396,0.49717134261642,11466582444.68
1999-08-31,0.49642160867516,0.5881752165137,0.46534519640715,0.58244195696287,9244602973.627
1999-09-30,0.59811485297822,0.71530696920214,0.51288953257416,0.56528508836109,18967468847.179
1999-10-31,0.55463266827674,0.72395930414589,0.53145289728196,0.71530696920214,14468496042.775
1999-11-30,0.71425328906848,0.92629568845591,0.69015929560478,0.87390013266897,8391073519.4047
1999-12-31,0.90173683610971,1.0535418679462,0.81331590887493,0.9178733990617,9418214511.8988
2000-01-31,0.93635451950568,1.0848900438686,0.77226410176683,0.92629568845591,12555177568.536
2000-02-29,0.92840066483153,1.0707356868694,0.86606308868837,1.0237205746609,7319782517.1709
2000-03-31,1.0585730713899,1.3424409359068,1.0178716963624,1.2123519655582,8698356793.3996
2000-04-30,1.2100276711457,1.2454642213424,0.93635451950568,1.1079291652528,8662404764.2803
2000-05-31,1.1150641531262,1.1272267686057,0.73004299577737,0.75003907939996,9807750268.9148
2000-06-30,0.73004299577737,1.0290998262936,0.71764556696487,0.93530203131787,8105204797.8789
2000-07-31,0.93050564120716,1.0823166327729,0.83717508900567,0.90746771176883,5746770515.8543
2000-08-31,0.89857817960042,1.0982243421212,0.78980716082485,1.0881631271797,5636086414.9647
2000-09-30,1.0950656856119,1.1450046409967,0.45329939162116,0.46005772460518,14516930026.48
2000-10-31,0.47682959469659,0.47790711374731,0.3125091314082,0.3493044998768,21905788831.657
2000-11-30,0.34703265108182,0.41071593409252,0.28790140928205,0.29468477312898,8488373439.322
2000-12-31,0.30360767978126,0.3125091314082,0.24330475520843,0.2656430124313,8858970176.6238
2001-01-31,0.2656430124313,0.40175965295636,0.25790013217306,0.38603907910692,13709460944.784
2001-02-28,0.36961764109617,0.39185100708401,0.32146660449021,0.32571231561703,7023766243.2424
2001-03-31,0.31788599914911,0.42429577319076,0.30716444620531,0.39425039408522,10799062427.483
2001-04-30,0.39425039408522,0.48432097437994,0.33501068521287,0.45500745002788,11158991044.272
2001-05-31,0.45395496184007,0.47682959469659,0.34477748952877,0.3560962073447,7468434211.8926
2001-06-30,0.35931565309247,0.44824673315214,0.34573700594008,0.41504269753732,7638265586.8371
2001-07-31,0.42217768541075,0.45033025450242,0.31898616517102,0.33538495621058,8655102365.4496
2001-08-31,0.33963185928326,0.35537269621219,0.30859001344498,0.33143007987177,5129359205.2499
2001-09-30,0.33030726687866,0.34069507498374,0.26209935741163,0.2768043933947,5531523173.4952
2001-10-31,0.2768043933947,0.34668102705531,0.26495406772852,0.31359499407988,7544247201.053
2001-11-30,0.31489659895088,0.38507002712878,0.30781524864081,0.38036541684872,5369744829.6338
2001-12-31,0.37611017015507,0.42930075382567,0.35863505201066,0.39112630400565,4629839179.4702
2002-01-31,0.39388446670848,0.44173394101374,0.36131216239551,0.44137158947457,8515376884.0932
2002-02-28,0.45084279121903,0.46386122382071,0.37394202064926,0.38754569866456,7837423927.3688
2002-03-31,0.39144097771073,0.45177727676743,0.38965186698603,0.42283444757552,5318582977.8862
2002-04-30,0.41749929793945,0.46742752581158,0.41071593409252,0.43327708518981,6422835860.8259
2002-05-31,0.43359533473245,0.46386122382071,0.39536128761981,0.41607373069978,5976157638.9457
2002-06-30,0.417874760883,0.41858873644869,0.28534110959075,0.31636746013294,8708016805.199
2002-07-31,0.31636746013294,0.33538495621058,0.24638116745389,0.27246451854552,8118415313.2443
2002-08-31,0.26972542697633,0.2900409520874,0.24969120108646,0.26360716891513,5151686316.7901
2002-09-30,0.25893116533552,0.27110331638189,0.25113107167636,0.25893116533552,5291837501.2091
2002-10-31,0.26034719700837,0.2935512326232,0.23852266844795,0.28710399750669,6611432802.1356
2002-11-30,0.28468315548013,0.31034336579409,0.26784096058343,0.2768043933947,4531721349.9156
2002-12-31,0.2838774000838,0.28751283493412,0.24600689645619,0.25609910198984,4530439178.417
2003-01-31,0.25645072601634,0.27467200226446,0.24217002275679,0.25645072601634,6045832840.0645
2003-02-28,0.2575497000924,0.27316538270682,0.24638116745389,0.26784096058343,4114303251.6602
2003-03-31,0.26784096058343,0.27075646013879,0.250778255704,0.25243982822247,4028404830.3687
2003-04-30,0.25352688284001,0.26674317845322,0.22716700031059,0.25387850686651,7797730907.8426
2003-05-31,0.25422655505546,0.33931480168647,0.25006308819246,0.32041411630239,10829306471.642
2003-06-30,0.32318658235545,0.35181831367985,0.29678855755876,0.34031961204018,6119178110.5834
2003-07-31,0.3371383085597,0.38545383369331,0.33067200230954,0.37648324920693,5210905573.9805
2003-08-31,0.37499808467463,0.40819258472264,0.34668102705531,0.40364888713267,4307418508.1168
2003-09-30,0.40462151494836,0.41642297083458,0.35963986236437,0.3700288624153,5354444179.0541
2003-10-31,0.3700288624153,0.44672461829842,0.36068043109365,0.40894947033902,7042126134.3003
2003-11-30,0.40748814472378,0.41607373069978,0.35461223475826,0.37356178992229,4979757234.9786
2003-12-31,0.37566199851451,0.39112630400565,0.34365229264395,0.38173377068746,5469723914.0392
2004-01-31,0.38507002712878,0.44354808260134,0.37823540961019,0.40293848740455,7927745371.7269
2004-02-29,0.40098608009805,0.43035324201348,0.38754569866456,0.42706823924382,4922008735.0346
2004-03-31,0.43004929582108,0.50246000636424,0.4214303353612,0.48290136686954,11606325621.471
2004-04-30,0.48031722826119,0.52821199650885,0.45500745002788,0.46036524663515,8921688367.9236
2004-05-31,0.46421403979307,0.5139563241122,0.45534715459586,0.50101894382849,5303573865.7176
2004-06-30,0.49608428799888,0.61016423360177,0.49286841808867,0.58105334004464,8227792558.6282
2004-07-31,0.57287539955021,0.6004546426868,0.51321731768361,0.5775216044835,9698277025.0426
2004-08-31,0.5578699932123,0.62829373001924,0.53038848963562,0.61600953606273,8013262021.4815
2004-09-30,0.61238363677924,0.70150542817532,0.61016423360177,0.69214984517856,7676930289.5171
2004-10-31,0.69846358235959,0.95015486858665,0.67226580446612,0.93565007950681,16122266211.749
2004-11-30,0.93752381838704,1.2421029340381,0.92910510483039,1.1972976894403,17447758855.231
2004-12-31,1.1972976894403,1.2135200724937,1.100093313218,1.1500370363862,15988060745.405
2005-01-31,1.1581029339705,1.3910723266914,1.1179856124108,1.37321697782,25782926593.465
2005-02-28,1.3757439030274,1.6227866004295,1.3674479598936,1.6021778566387,21475566916.88
2005-03-31,1.6104976386896,1.6109624975721,1.3868766772904,1.4881682358411,14693333308.179
2005-04-30,1.5033774649198,1.5875884394033,1.21411604542,1.2876829434401,19449265593.034
2005-05-31,1.2945843099265,1.4620765411285,1.1824245890921,1.4200723692842,12906490922.326
2005-06-30,1.4250070251138,1.4557473086514,1.2685164541309,1.3145851613325,11367756655.113
2005-07-31,1.3154076039707,1.5851211114885,1.2960980811592,1.522996893653,10195279543.845
2005-08-31,1.5212685721668,1.7260329501784,1.5007909424197,1.6746958423086,9450309757.5995
2005-09-30,1.6785815857879,1.9487241938127,1.6460295445545,1.9145749451368,12333974074.742
2005-10-31,1.9343493268308,2.0706006572372,1.7095483390375,2.0569171188497,18631812374.077
2005-11-30,2.0449857408656,2.5378434314416,2.0311830078929,2.4223915561624,13440903309.123
2005-12-31,2.4601881591472,2.6956332234038,2.4572798112669,2.5675467220874,13035492004.606
2006-01-31,2.5861291579289,3.0859001344498,2.530596400658,2.6973734643485,21850815663.322
2006-02-28,2.678290411249,2.7301281363769,2.2463888315731,2.4460397618772,18740346835.371
2006-03-31,2.4641692582947,2.4999395533301,2.0596109164765,2.240059599096,23165527347.272
2006-04-30,2.2735175191774,2.5732919010968,2.1804265480923,2.513861480888,20097914930.869
2006-05-31,2.5273185495635,2.6360716891513,2.096108298482,2.1346677468124,15592464210.557
2006-06-30,2.137492658483,2.2535285872299,1.9790234573848,2.0453433246214,17925361981.897
2006-07-31,2.0480132833311,2.450819464746,1.7913039050648,2.4274454065773,17476716144.629
2006-08-31,2.400793497314,2.5001541035836,2.2350653459737,2.4235715825564,17877549841.876
2006-09-30,2.4453365138242,2.7781873931523,2.4223915561624,2.7494257397299,17719725858.013
2006-10-31,2.6786479950048,2.9503639715549,2.5926967795765,2.8960946768877,14365183737.325
2006-11-30,2.8968932806089,3.3266135993747,2.7784138628642,3.2743348542813,13825327797.043
2006-12-31,3.2793410268621,3.2973751676114,2.7422979035316,3.0296641291259,16892245431.885
2007-01-31,3.0814780153367,3.493044998768,2.9242484379252,3.061572519599,27158994531.01
2007-02-28,3.0762930508781,3.2436660874949,2.9596969075805,3.0212609108653,13719355560.361
2007-03-31,2.9998297244362,3.4580494685368,2.9904491105766,3.3183057367824,15916835677.742
2007-04-30,3.3620382301129,3.6609782499355,3.2002792584616,3.5643710385853,13462800063.865
2007-05-31,3.556539954334,4.3616755388228,3.520280961499,4.3283368133266,17363618644.68
2007-06-30,4.324808653603,4.5569877862236,4.1208428793126,4.3579209093872,23272978917.932
2007-07-31,4.325511901656,5.3183431995478,4.2600383159748,4.7057545480819,24000210913.527
2007-08-31,4.7724200796158,4.9888893658996,3.9865701790214,4.9446920136866,24318404909.66
2007-09-30,4.9997718315335,5.5353011836312,4.6421403979307,5.4805908689986,20889938628.901
2007-10-31,5.5223089738383,6.7901579382918,5.4623421779959,6.7842697257801,23169949820.817
2007-11-30,6.7356621739126,6.8810438095497,5.3801217530861,6.5075714155663,26167950644.695
2007-12-31,6.4923860254047,7.2488306218163,6.3218304933615,7.0749495608445,17223321550.109
2008-01-31,7.1246417834378,7.1520207796712,4.504816316257,4.8349853174168,35096658380.975
2008-02-29,4.8672632111041,4.877442428685,4.1225831202573,4.4647073383183,24809160226.894
2008-03-31,4.4428470513823,5.2050368268033,4.214303353612,5.125140696306,22918753391.586
2008-04-30,5.224918483624,6.4285334860829,5.1294912986679,6.2121357165502,22762434436.661
2008-05-31,6.2486092596386,6.8657034664272,6.1431578100624,6.7410020913321,18109998424.506
2008-06-30,6.7324796784863,6.7842697257801,5.8631816487541,5.9807909460264,19459015583.753
2008-07-31,5.8592720663577,6.461121285692,5.2336912050989,5.6768328341645,19641358361.768
2008-08-31,5.7121740286929,6.4454829561063,5.4618653996549,6.0540121797493,13078237683.775
2008-09-30,6.1625626885421,6.1961398032088,3.5928108666275,4.0591120036084,24047503234.633
2008-10-31,3.9954620950815,4.157340261318,3.0360767978126,3.8430718178314,41252443643.558
2008-11-30,3.7827116798577,3.9923034385722,2.8269737368976,3.3094019012637,23615024230.749
2008-12-31,3.2614618390737,3.700288624153,3.0193657169597,3.0486160681816,20207084302.716
2009-01-31,3.0564471524329,3.4691703233412,2.792943682807,3.2190047278054,18008243532.084
2009-02-28,3.1788599914911,3.6788693571825,3.090214978436,3.1901000408808,13626550087.896
2009-03-31,3.1432088910409,3.9276403760707,2.940184753974,3.7543076101911,15410176744.618
2009-04-30,3.7162964569529,4.5435426370067,3.7103486471486,4.4932425220286,11786721352.986
2009-05-31,4.4932425220286,4.853698867302,4.2625771606408,4.8501945464955,9437560325.2597
2009-06-30,4.8696113444337,5.2284347238891,4.7457324119769,5.0867004425609,12640982255.704
2009-07-31,5.125617474647,5.8922532080981,4.8002400958146,5.8353139547212,10899824024.784
2009-08-31,5.897557367142,6.1602145552126,5.693806143105,6.0078004390455,8145699492.2446
2009-09-30,6.0003507774669,6.7462943309175,5.8619897029015,6.6195308894975,9961414837.3231
2009-10-31,6.6245132231612,7.4545723954271,6.4538861743669,6.7324796784863,12892676481.037
2009-11-30,6.7796330564137,7.4279204861638,6.6280652218018,7.1391477644635,8423833197.1334
2009-12-31,7.223132269235,7.6409092905581,6.7386777969196,7.5256838849909,11361900762.427
2010-01-31,7.6248776188412,7.699934449177,6.7942343931075,6.8589451334432,15112662556.169
2010-02-28,6.8780997032938,7.3273440951246,6.8162496330044,7.3075697134306,10747258130.444
2010-03-31,7.347785966496,8.4818270895409,7.3378570575442,8.3930390429835,12120044177.296
2010-04-30,8.4876437853014,9.7309029068165,8.3129283622328,9.3248427132241,12327947923.483
2010-05-31,9.443441325554,9.567391774762,7.1158571425044,9.1738470126215,18044480107.686
2010-06-30,9.2752339268404,9.9647984414648,8.6497722601669,8.9832310318797,16617087195.212
2010-07-31,9.0753803657413,9.5008692767305,8.557730201432,9.1875186315504,15624828351.023
2010-08-31,9.3012183464263,9.4389834480655,8.41327828356,8.6822527846492,9570524566.5961
2010-09-30,8.8397088317727,10.525179864588,8.7963100832809,10.1338044439,11829505116.939
2010-10-31,10.225739227508,11.392773411752,9.9201123914522,10.749241845953,12154346988.881
2010-11-30,10.808421957533,11.47460049453,10.633933004176,11.11322635095,9481247193.1556
2010-12-31,11.27345963191,11.666408421124,11.247725520953,11.520240101225,6955433348.0652
2011-01-31,11.59974288959,12.448801678746,11.59974288959,12.11803670466,10801056659.851
2011-02-28,12.198612244293,13.032616757331,12.060465719981,12.614958930593,9271857847.6048
2011-03-31,12.687548433014,12.916640425877,11.651223030963,12.445225841188,11288573076.6
2011-04-30,12.539031979785,12.682899844189,11.434849100347,12.50398877172,9219346754.1978
2011-05-31,12.488612670222,12.56453962103,11.764636678834,12.423294037501,6904812078.7598
2011-06-30,12.466323282779,12.575147939118,11.089828453864,11.988114606731,9247688018.1297
2011-07-31,11.998603730233,14.445310981788,11.93638415673,13.94600486415,10623938875.896
2011-08-31,14.213358318879,14.267711049756,12.607807255478,13.744685209652,16075754698.763
2011-09-30,13.782231504008,15.103622676158,13.088757406987,13.617266198013,11956104652.208
2011-10-31,13.585322049164,15.238312557498,12.651194084511,14.455919299876,13105918031.778
2011-11-30,14.19726704987,14.570584490892,12.976237718505,13.650283098129,8956336440.9977
2011-12-31,13.658030746171,14.61134903905,13.488297656766,14.46259419665,6293634124.2966
2012-01-31,14.638167820733,16.365654944851,14.607773201492,16.303673760518,6853413665.0917
2012-02-29,16.372568230796,19.558639494695,16.213801043235,19.373887887548,11360237107.996
2012-03-31,19.572823650341,22.194746942222,18.435826501581,21.411400127918,15433256678.107
2012-04-30,21.492094862137,22.99835683602,19.820629193088,20.855714971453,15399640370.862
2012-05-31,20.889566233666,21.313302984252,18.650019171287,20.631033178245,10985916502.709
2012-06-30,20.327086985842,21.071814754523,19.587842168083,20.856906917306,7801574064.8032
2012-07-31,20.882772142307,22.138844681737,20.358673550935,21.81487379901,8902229816.2199
2012-08-31,21.997003125282,24.317252903056,21.436669379992,23.757415713438,8265956208.7016
2012-09-30,23.77462503981,25.179024756739,23.428539552227,23.824828798811,9193551103.6583
2012-10-31,23.970217935398,24.171863766469,20.991224197976,21.262538129599,12136060619.323
2012-11-30,21.365081977772,21.533970746232,18.061477000778,20.905000326728,12924246549.195
2012-12-31,21.200836391552,21.234625974036,17.900326684316,19.005104257067,12120986381.251
2013-01-31,19.778247710824,19.820071180052,15.535292201231,16.26696662194,13110720175.634
2013-02-28,16.396453972997,17.317132619591,15.63109987419,15.764652837233,9336536700.0929
2013-03-31,15.643903104596,16.783625532395,14.963452519804,15.808348265775,9175398238.5629
2013-04-30,15.791081523851,15.900672477694,13.753371055187,15.811754629828,10955754287.846
2013-05-31,15.871894574488,16.633745514063,14.958993900117,16.061699853159,9446463769.2181
2013-06-30,16.097056456732,16.230081301861,13.970059196199,14.244627144083,7020170271.4384
2013-07-31,14.382086150716,16.335450981818,14.329226278047,16.161585175466,6536375017.9
2013-08-31,16.165701419011,18.346098100236,16.081309437304,17.501134975698,8061067835.3001
2013-09-30,17.611261874904,18.141493913817,15.972457691668,17.125776133983,8624103844.8682
2013-10-31,17.085898604166,19.259571748386,17.080218374628,18.777215929865,7823332684.4987
2013-11-30,18.619702347325,19.939316803201,18.29953737279,19.86025518602,5226081123.5292
2013-12-31,19.928252786803,20.540922694876,19.241592269064,20.034167693785,7051250921.5905
2014-01-31,19.845733664496,20.006277152447,17.626822125721,17.877952247935,8801528414.1683
2014-02-28,17.951366606747,19.685717509312,17.831391178924,18.795552026673,5889950322.2959
2014-03-31,18.679841970371,19.607240886969,18.674228314175,19.167542673022,5006256794.6367
2014-04-30,19.204661542568,21.406933237906,18.261567301502,21.074352749347,6429723861.7368
2014-05-31,21.025085917534,23.007320632155,20.725568987553,22.608116629624,5740720566.6191
2014-06-30,22.641611486001,23.764144886953,22.232609668339,23.231758955495,4826108673.4422
2014-07-31,23.379637607118,24.860930541166,23.14357861932,23.901428226864,4137729159.8575
2014-08-31,23.60741473425,25.72675847744,23.318109292548,25.625297517282,3730545570.5856
2014-09-30,25.765415670081,25.934328330009,24.032417124901,25.190319076917,6102428388.3622
2014-10-31,25.149281236049,27.010041236087,23.79661958621,26.999158272763,5438098670.1582
2014-11-30,26.942526657379,29.929418411707,26.814978184762,29.737757078518,3282293208.5057
2014-12-31,29.701185658051,29.813270289298,26.565637852009,27.59911910447,4292679554.6519
2015-01-31,27.845073194587,29.994660019824,26.155902493071,29.293707794204,5483113475.5186
2015-02-28,29.398017247165,33.398201033199,28.906356332122,32.11210242648,4545299915.2022
2015-03-31,32.312679392508,32.57419397938,30.404275008345,31.105844665301,4554646724.1341
2015-04-30,31.201973200028,33.638915878639,30.771587198934,31.285959183,3983877954.354
2015-05-31,31.392846436125,33.239570080818,30.716139893835,32.562863538528,3818295487.08
2015-06-30,32.803584760554,32.851505078241,31.119207986529,31.3543310406,3513893659.7364
2015-07-31,31.723474235493,33.239570080818,29.803190663882,30.321804943149,4233007465.0059
2015-08-31,30.373420051686,30.641460333327,22.998529497254,28.187718935144,6428528463.7218
2015-09-30,27.53947429372,29.222725768064,26.836168982959,27.577816136335,4825734594.7695
2015-10-31,27.27052410119,30.304322398115,26.823016839272,29.876543351728,4454619801.9511
2015-11-30,29.969611487146,30.950449321487,27.748829159674,29.577286841698,3002373317.2802
2015-12-31,29.690601275285,29.964842181645,26.203380102182,26.31902519503,3670102891.8239
2016-01-31,25.652345662653,26.463859020526,23.097721145213,24.332526618366,4874277803.9804
2016-02-29,24.116996128625,24.723324297072,23.148574797479,24.171069162734,3061756369.8426
2016-03-31,24.411266478809,27.605471320372,24.35397676969,27.246831118201,2896359432.7688
2016-04-30,27.192742568166,28.098229049672,23.129036688588,23.433477955929,3257511642.5677
2016-05-31,23.489663817088,25.183953477182,22.367523436756,24.964410177186,3427790339.9957
2016-06-30,24.753534503727,25.47075317043,22.874963597916,23.900705882604,2872008506.6171
2016-07-31,23.872837817537,26.138928431287,23.59295028216,26.054007634587,2525428228.9336
2016-08-31,26.103489907599,27.557387207051,26.00353791045,26.528223353593,2322397711.3362
2016-09-30,26.538808540083,29.044551346051,25.631974522245,28.259828912565,3670987638.9827
2016-10-31,28.177002556423,29.673224123038,28.071150691525,28.382922627621,2596740414.0753
2016-11-30,28.361315752106,28.445015113319,26.015551593622,27.629418211486,2783458021.5729
2016-12-31,27.590225083397,29.504499971132,27.065080594288,28.95460192744,2300046043.2616
2017-01-31,28.949499221013,30.610267310719,28.68231282703,30.339498165414,2111306584.7901
2017-02-28,31.755227778395,34.366899740298,31.748822253305,34.247882139544,2172756763.1609
2017-03-31,34.472729196373,36.125246964515,34.264853768353,35.912939455086,2152283687.7753
2017-04-30,35.925911400673,36.363930763302,35.013659327319,35.910885563702,1454366039.5858
2017-05-31,36.273667641931,39.163880076948,36.066873209377,38.186693954574,2608777519.0057
2017-06-30,38.293487898982,38.995830331765,35.549034244947,36.006245819445,2730646988.8517
2017-07-31,36.216604052685,38.494910751793,35.60296949308,37.178933759405,1679022086.0828
2017-08-31,37.274100943737,41.125557796157,37.101744991118,40.997198598317,2626402672.2021
2017-09-30,41.19611782304,41.232684645482,37.290330803053,38.527383189253,2712245114.1963
2017-10-31,38.563306607195,42.409149774557,38.114960904464,42.264169293789,2014536527.3192
2017-11-30,42.467270647764,44.061090829465,41.32008042346,42.959779287479,2397003212.3763
2017-12-31,42.48493801086,44.294335440713,41.608447688605,42.30671225717,2116061156.2875
2018-01-31,42.540179446507,45.02615090056,41.174209401436,41.859117723471,2629384777.7351
2018-02-28,41.793725540463,45.154585408176,37.560413358045,44.535350129955,3696147842.4917
2018-03-31,44.637616000787,45.878321295302,41.239749969921,41.948906851527,2854909741.7333
2018-04-30,41.974765963507,44.735838059869,40.156114837058,41.31722088976,2665285391.1865
2018-05-31,41.603373779112,47.591620484057,41.320306956622,46.716049101794,2483904768.3472
2018-06-30,46.994848360991,48.551883919579,45.17968497117,46.278238858265,2110497416.6283
2018-07-31,45.953538428257,48.992132331535,45.855693669231,47.571316182859,1575375510.3838
2018-08-31,49.784431062804,57.218831113552,49.323829244853,56.90656859865,2801275289.3046
2018-09-30,57.106644783773,57.418801661829,53.824191087716,56.436273363081,2715888113.7169
2018-10-31,56.989599159108,58.368371264824,51.522998048264,54.716611157368,3158992246.9181
2018-11-30,54.762246274566,55.58737567372,42.564898006576,44.644287311481,3845287762.5291
2018-12-31,46.114165955959,46.235015392604,36.648328549132,39.436287155476,3595667993.8335
2019-01-31,38.725507193611,42.250036800128,35.499732553293,41.61157701507,3312396701.5459
2019-02-28,41.741479632508,43.971252097235,41.484727214411,43.289293241796,1890162873.3634
2019-03-31,43.56800959541,49.420319281371,42.375158108337,47.485656724526,2603925514.5926
2019-04-30,47.910387324316,52.117232806054,47.098032401222,50.166952070687,2024471195.2822
2019-05-31,52.469952072662,53.828523964046,43.750361093514,43.768738640519,2957826256.0151
2019-06-30,43.903124452997,50.393739918107,42.566993251395,49.47872602942,2060875058.2844
2019-07-31,50.790110193293,55.344504896345,49.602565635946,53.25938423639,1895828456.2815
2019-08-31,53.271975534383,54.301071611587,47.962659474493,52.188163543239,2737763191.8754
2019-09-30,51.607509110513,56.606733650526,51.058269518111,55.991439675325,2189633930.0442
2019-10-31,56.27094853608,62.435954915497,53.784495131308,62.189941348067,2490606766.0281
2019-11-30,62.197208879143,67.001218971421,62.10355759542,66.812879291199,1796532936.5528
2019-12-31,66.818064855082,73.490848459434,64.06981970849,73.409538817752,2395485435.3
2020-01-31,74.05856399332,81.961778195776,73.1897746204,77.381369618123,2940051419.6052
2020-02-29,75.89665838404,81.806206468766,64.09246127832,68.339108305239,3022162290.8331
2020-03-31,70.567656456316,75.998158255724,53.153341060624,63.570580184767,6281326912.6024
2020-04-30,61.625424641786,73.630759107908,59.223467943367,73.449901028699,3266123194.1102
2020-05-31,71.370418806047,81.06096284302,71.270328001624,79.485719316901,2808750108.1052
2020-06-30,79.437944015407,93.096520922608,79.302357090652,91.197994416839,3243603524.8652
2020-07-31,91.278686178756,106.42128983774,89.146855230923,106.26960583515,3020454723.0592
2020-08-31,108.18474535073,130.98287854026,107.87931361764,129.04234567269,4070343710.2319
2020-09-30,132.75964032187,137.97868492906,103.10574368851,115.80160787409,3886793054.8737
2020-10-31,117.63296001768,125.38376141282,107.70575419093,108.85936184043,2895317544.8708
2020-11-30,109.11274352059,121.98955073249,107.31538160239,119.05497404848,2123372344.7584
2020-12-31,121.01067301589,138.78984801349,120.02151297034,132.69345517556,2322771418.0799
2021-01-31,133.5211826565,145.08263333449,126.38833105981,131.95724042231,2240876956.8529
2021-02-28,133.55296252564,137.87536391119,118.39170331887,121.2541392008,1834565918.5473
2021-03-31,123.75209705616,128.71926520421,116.20380846077,122.15044713657,2650845181.8063
2021-04-30,123.66072087485,137.07864574606,122.48001740849,131.45952394484,1889956663.5254
2021-05-31,132.04268878736,134.06939195484,122.24157941987,124.60820673618,1711935079.6076
2021-06-30,125.0796872756,137.41197825434,123.1291927832,136.96612165729,1606589999.796
2021-07-31,136.60738646426,150.00153361437,135.7607714087,145.86070452909,1919127884.7813
2021-08-31,146.36088388395,153.49216357283,144.50342733202,151.83523951796,1463302067.2813
2021-09-30,152.84126567357,157.25836525405,141.26019550381,141.49353626015,1797948391.8139
2021-10-31,141.89267176441,153.17183174505,138.26974949497,149.79657817313,1565079009.3661
2021-11-30,148.9850026478,165.70437472972,147.47411385198,165.30173316988,1691028811.6846
2021-12-31,167.47845023192,182.12888018557,157.80176766836,177.56594981845,2445627926.4387
2022-01-31,177.82552077326,182.9382510368,154.69509167372,174.77811688642,2109283251.2025
2022-02-28,174.01575494826,176.64802392282,152.00178853805,165.12202027033,1629275318.8933
2022-03-31,164.69131332432,179.61194091624,150.10035005363,174.60573814325,2180882382.9496
2022-04-30,174.02499820893,178.49128635055,155.37906172375,157.65098983235,1687873144.2998
2022-05-31,156.70792533444,166.48354412338,132.60885122594,148.83959819314,2401040424.8768
2022-06-30,149.90051792144,151.74107606678,129.03983980568,136.72004256499,1749297925.3821
2022-07-31,136.03824112577,163.62928800778,135.66116110707,162.51129670908,1447364641.827
2022-08-31,161.01112971576,176.14927489558,157.13925475614,157.21965475566,1510324904.3792
2022-09-30,156.64260665785,164.25821673887,137.99998398456,138.19945740109,2084775168.9519
2022-10-31,138.20963461622,157.49952817171,134.36875362654,153.34010034849,1868381311.4882
2022-11-30,155.07938641404,155.44881932322,134.38092906183,148.02934143206,1724948187.1201
2022-12-31,148.21121188649,150.92098005379,125.86959500201,129.93069112677,1675731271.7443
2023-01-31,130.27919149474,147.22870501818,124.17078271265,144.29032873777,1443652694.3263
2023-02-28,143.97027737943,157.38093731204,141.32045533956,147.41005098957,1307294462.9163
2023-03-31,146.82976435686,165.00024316539,143.8978965797,164.90082342762,1520461278.8105
2023-04-30,164.26879795178,169.84949159958,159.78070693236,169.6790577634,969776339.67405
2023-05-31,169.2803643252,179.34962093682,164.30937743659,177.24949404408,1275364488.2209
2023-06-30,177.70031723138,194.48005757118,176.93138509843,193.96844923503,1297863372.1175
2023-07-31,193.7800152736,198.2325274268,186.6002761087,196.45050947971,996368583.88415
2023-08-31,196.23472220129,196.73214733604,171.95996130779,187.87127585811,1323817302.3048
2023-09-30,189.48598038041,189.97868783803,167.620695834,171.21128878492,1337873767.4726
2023-10-31,171.22140598118,182.34020466547,165.67010039603,170.76916730858,1172845755.9652
2023-11-30,170.99983938319,192.93065071043,170.119643309,189.9500046694,1099760678.9959
2023-12-31,190.33092112956,199.61942250419,187.4503035489,192.53053686899,1063181095.4344
2024-01-31,187.14819739084,196.37910662162,180.1684337124,184.39893031368,1187490611.4588
2024-02-29,183.98568142189,191.05132812185,179.25100096485,180.74812115214,1161711719.9857
2024-03-31,179.55132757648,180.53015537445,168.48956435854,171.47953009607,1433151732.2485
2024-04-30,171.18890905914,178.35957950492,164.07474825943,170.32915515824,1245839948.5727
2024-05-31,169.57939324701,193.00020717048,169.11016136447,192.2494453435,1336570107.4759
2024-06-30,192.89943377089,220.20096318918,192.1496796779,210.61842062169,1723984390.7032
2024-07-31,212.09071998977,237.23065998676,211.91940521046,222.07937935764,1153193348.3138
2024-08-31,224.11156606706,232.91904421916,195.77262436486,228.99946479924,1123257443.6068
2024-09-30,228.55053505571,233.08915436861,213.91904906498,232.99956973369,1232391826.3042
2024-10-31,229.52086750584,237.48987373786,221.33041610886,225.91030474795,930835927.39835
2024-11-30,220.72219153063,237.81103583056,219.46938498805,237.33042465291,891899268.70703
2024-12-31,237.27009689003,260.1001332912,237.16050145412,250.41953827356,977941981.90827
2025-01-31,248.9294425303,249.09936572909,219.37989880643,235.99919201858,1200291572.5194
2025-02-28,229.9895413725,249.9998815229,225.70023743137,241.83946918385,862316998.83045
2025-03-31,241.78925126177,244.02796622838,208.42044639377,222.12993912337,1115306033.6427
2025-04-30,219.80484933077,225.18921493687,169.20928847024,212.50015038407,1607318459.1563
2025-05-31,208.80548989313,214.27909613387,192.99652746684,200.85035500303,1196458868.3623
2025-06-30,200.27962347454,207.39019606765,195.06981757122,205.17046166949,1100504379.2425
2025-07-31,206.66499590051,216.23001497907,206.14040435499,207.56974078399,1079935823.5803
2025-08-31,210.6256930083,235.11928947387,201.27189840763,232.13962097104,1218733825.2223
2025-09-30,229.25012401,257.6000567457,225.94984558084,254.62940539705,1265536416.5574
2025-10-31,255.04018686516,277.31957102701,244.0001844332,270.3693489678,1097142339.0001
2025-11-30,270.15755631631,280.38011285531,265.32003396706,278.84968213485,877813384.82611
2025-12-31,278.00989706325,288.61981572705,266.9495573241,271.86014798114,924528996.95338
2026-01-31,272.254516656,277.83973799034,243.41956034782,259.47957402335,1040017263.9257
2026-02-28,259.787,280.642,255.45,264.18,988944026
2026-03-31,262.41,266.53,245.51,253.79,900035758
2026-04-30,254.08,276,245.7,271.35,907538475
2026-05-31,278.855,315,274.8601,312.06,981286386
2026-06-30,309.625,317.4,273.75,289.36,1401452677
2026-07-31,293.44,334.99,289.195,333.74,612155081
